Area_name,Population per square mile 2010
autauga,91.8
baldwin,114.6
barbour,31.0
bibb,36.8
blount,88.9
bullock,17.5
butler,27.0
calhoun,195.7
chambers,57.4
cherokee,46.9
chilton,63.0
choctaw,15.2
clarke,20.9
clay,23.1
cleburne,26.7
coffee,73.6
colbert,91.8
conecuh,15.6
coosa,17.7
covington,36.6
crenshaw,22.8
cullman,109.4
dale,89.6
dallas,44.8
dekalb,91.5
elmore,128.2
escambia,40.5
etowah,195.2
fayette,27.5
franklin,50.0
geneva,46.6
greene,14.0
hale,24.5
henry,30.8
houston,175.1
jackson,49.4
jefferson,592.5
lamar,24.1
lauderdale,138.8
lawrence,49.7
lee,230.8
limestone,147.8
lowndes,15.8
macon,35.2
madison,417.7
marengo,21.5
marion,41.5
marshall,164.4
mobile,335.9
monroe,22.5
montgomery,292.5
morgan,206.3
perry,14.7
pickens,22.4
pike,48.9
randolph,39.5
russell,82.6
st. clair,132.3
shelby,248.5
sumter,15.2
talladega,111.7
tallapoosa,58.1
tuscaloosa,147.3
walker,84.7
washington,16.3
wilcox,13.1
winston,39.9
aleutians east,0.4
aleutians west,1.3
anchorage,171.2
bethel,0.4
bristol bay,2.0
denali,0.1
dillingham,0.3
fairbanks north star,13.3
haines,1.1
hoonah-angoon,0.3
juneau,11.6
kenai peninsula,3.4
ketchikan gateway,2.8
kodiak island,2.1
,
lake and peninsula,0.1
matanuska-susitna,3.6
nome,0.4
north slope,0.1
northwest arctic,0.2
petersburg,1.2
prince of wales-hyder,1.4
sitka,3.1
skagway,2.1
southeast fairbanks,0.3
valdez-cordova,0.3
wrangell,0.9
yakutat,0.1
yukon-koyukuk,0.0
apache,6.4
cochise,21.3
coconino,7.2
gila,11.3
graham,8.1
greenlee,4.6
la paz,4.6
maricopa,414.9
mohave,15.0
navajo,10.8
pima,106.7
pinal,70.0
santa cruz,38.3
yavapai,26.0
yuma,35.5
arkansas,19.2
ashley,23.6
baxter,74.9
benton,261.2
boone,62.5
bradley,17.7
calhoun,8.5
carroll,43.6
chicot,18.3
clark,26.6
clay,25.2
cleburne,46.9
cleveland,14.5
columbia,32.1
conway,38.5
craighead,136.4
crawford,104.4
crittenden,83.5
cross,29.0
dallas,12.2
desha,16.9
drew,22.3
faulkner,174.8
franklin,29.8
fulton,19.8
garland,141.7
grant,28.3
greene,72.9
hempstead,31.1
hot spring,53.5
howard,23.4
independence,48.0
izard,23.6
jackson,28.4
jefferson,88.9
johnson,38.7
lafayette,14.5
lawrence,29.6
lee,17.3
lincoln,25.2
little river,24.7
logan,31.6
lonoke,88.7
madison,18.8
marion,27.9
miller,69.5
mississippi,51.6
monroe,13.4
montgomery,12.2
nevada,14.6
newton,10.1
ouachita,35.6
perry,18.9
phillips,31.3
pike,18.8
poinsett,32.4
polk,24.1
pope,76.0
prairie,13.4
pulaski,503.8
randolph,27.6
st. francis,44.5
saline,148.0
scott,12.6
searcy,12.3
sebastian,236.4
sevier,30.2
sharp,28.6
stone,20.4
union,40.1
van buren,24.4
washington,215.6
white,74.5
woodruff,12.4
yell,23.9
alameda,2043.6
alpine,1.6
amador,64.1
butte,134.4
calaveras,44.7
colusa,18.6
contra costa,1465.2
del norte,28.4
el dorado,106.0
fresno,156.2
glenn,21.4
humboldt,37.7
imperial,41.8
inyo,1.8
kern,103.3
kings,110.1
lake,51.5
lassen,7.7
los angeles,2419.6
madera,70.6
marin,485.1
mariposa,12.6
mendocino,25.1
merced,132.2
modoc,2.5
mono,4.7
monterey,126.5
napa,182.4
nevada,103.1
orange,3807.7
placer,247.6
plumas,7.8
riverside,303.8
sacramento,1470.8
san benito,39.8
san bernardino,101.5
san diego,735.8
san francisco,17179.1
san joaquin,492.6
san luis obispo,81.7
san mateo,1602.2
santa barbara,155.0
santa clara,1381.0
santa cruz,589.4
shasta,46.9
sierra,3.4
siskiyou,7.2
solano,503.0
sonoma,307.1
stanislaus,344.2
sutter,157.3
tehama,21.5
trinity,4.3
tulare,91.7
tuolumne,24.9
ventura,446.7
yolo,197.9
yuba,114.2
adams,378.2
alamosa,21.4
arapahoe,716.7
archuleta,8.9
baca,1.5
bent,4.3
boulder,405.6
broomfield,1691.9
chaffee,17.6
cheyenne,1.0
clear creek,23.0
conejos,6.4
costilla,2.9
crowley,7.4
custer,5.8
delta,27.1
denver,3922.6
dolores,1.9
douglas,339.7
eagle,31.0
elbert,12.5
el paso,292.6
fremont,30.5
garfield,19.1
gilpin,36.3
grand,8.0
gunnison,4.7
hinsdale,0.8
huerfano,4.2
jackson,0.9
jefferson,699.5
kiowa,0.8
kit carson,3.8
lake,19.4
la plata,30.3
larimer,115.4
las animas,3.2
lincoln,2.1
logan,12.4
mesa,44.1
mineral,0.8
moffat,2.9
montezuma,12.6
montrose,18.4
morgan,22.0
otero,14.9
ouray,8.2
park,7.4
phillips,6.5
pitkin,17.7
prowers,7.7
pueblo,66.7
rio blanco,2.1
rio grande,13.1
routt,10.0
saguache,1.9
san juan,1.8
san miguel,5.7
sedgwick,4.3
summit,46.0
teller,41.9
washington,1.9
weld,63.4
yuma,4.2
fairfield,1467.2
hartford,1216.2
litchfield,206.3
middlesex,448.6
new haven,1426.7
new london,412.2
tolland,372.2
windham,230.9
kent,276.9
new castle,1263.2
sussex,210.6
,
alachua,282.7
baker,46.3
bay,222.6
bradford,97.0
brevard,535.0
broward,1444.9
calhoun,25.8
charlotte,235.2
citrus,242.8
clay,315.8
collier,160.9
columbia,84.7
desoto,54.7
dixie,23.3
duval,1133.9
escambia,453.4
flagler,197.1
franklin,21.6
gadsden,89.8
gilchrist,48.4
glades,16.0
gulf,28.1
hamilton,28.8
hardee,43.5
hendry,34.0
hernando,365.6
highlands,97.2
hillsborough,1204.9
holmes,41.6
indian river,274.5
jackson,54.2
jefferson,24.7
lafayette,16.3
lake,316.6
lee,788.7
leon,413.1
levy,36.5
liberty,10.0
madison,27.6
manatee,434.5
marion,209.1
martin,269.2
miami-dade,1315.5
monroe,74.3
nassau,113.0
okaloosa,194.4
okeechobee,52.0
orange,1268.5
osceola,202.4
palm beach,670.2
pasco,622.2
pinellas,3347.5
polk,334.9
putnam,102.2
st. johns,316.4
st. lucie,485.7
santa rosa,149.6
sarasota,682.6
seminole,1367.0
sumter,170.8
suwannee,60.3
taylor,21.6
union,63.8
volusia,449.2
wakulla,50.8
walton,53.0
washington,42.7
appling,36.0
atkinson,24.7
bacon,42.9
baker,10.1
baldwin,177.3
banks,79.3
barrow,432.7
bartow,217.9
ben hill,70.5
berrien,42.7
bibb,622.8
bleckley,60.5
brantley,41.6
brooks,32.9
bryan,69.3
bulloch,104.4
burke,28.2
butts,128.3
calhoun,23.9
camden,82.4
candler,45.3
carroll,221.5
catoosa,394.3
charlton,15.7
chatham,621.7
chattahoochee,45.3
chattooga,83.0
cherokee,508.3
clarke,979.1
clay,16.3
clayton,1832.5
clinch,8.5
cobb,2026.4
coffee,73.7
colquitt,83.6
columbia,427.6
cook,75.8
coweta,288.8
crawford,38.9
crisp,86.0
dade,95.6
dawson,105.9
decatur,46.6
dekalb,2585.7
dodge,44.0
dooly,38.1
dougherty,287.7
douglas,661.8
early,21.5
echols,9.7
effingham,109.4
elbert,57.4
emanuel,33.2
evans,60.2
fannin,61.2
fayette,548.3
floyd,188.9
forsyth,783.5
franklin,84.5
fulton,1748.0
gilmer,66.3
glascock,21.4
glynn,189.7
gordon,155.1
grady,55.0
greene,41.3
gwinnett,1871.2
habersham,155.5
hall,457.5
hancock,20.0
haralson,102.0
harris,69.0
hart,108.5
heard,40.0
henry,633.0
houston,372.5
irwin,26.9
jackson,178.1
jasper,37.8
jeff davis,45.6
jefferson,32.2
jenkins,24.0
johnson,32.9
jones,72.8
lamar,99.8
lanier,54.4
laurens,60.0
lee,79.5
liberty,129.5
lincoln,38.0
long,36.1
lowndes,220.2
lumpkin,105.9
mcduffie,85.0
mcintosh,33.8
macon,36.8
madison,99.6
marion,23.9
meriwether,43.9
miller,21.7
mitchell,45.9
monroe,66.8
montgomery,38.1
morgan,51.4
murray,115.0
muscogee,877.5
newton,367.3
oconee,178.0
oglethorpe,33.9
paulding,455.8
peach,184.3
pickens,126.8
pierce,59.3
pike,82.7
polk,133.6
pulaski,48.2
putnam,61.6
quitman,16.6
rabun,44.0
randolph,18.0
richmond,618.4
rockdale,656.5
schley,30.0
screven,22.6
seminole,37.1
spalding,326.1
stephens,146.1
stewart,13.2
sumter,68.0
talbot,17.5
taliaferro,8.8
tattnall,53.2
taylor,23.6
telfair,37.7
terrell,27.8
thomas,82.1
tift,154.9
toombs,74.8
towns,62.9
treutlen,34.5
troup,161.9
turner,31.3
twiggs,25.2
union,66.3
upson,84.0
walker,154.0
walton,257.2
ware,40.7
warren,20.5
washington,31.2
wayne,46.9
webster,13.4
wheeler,25.1
white,112.8
whitfield,353.2
wilcox,24.5
wilkes,22.6
wilkinson,21.4
worth,38.0
hawaii,45.9
honolulu,1586.7
kalawao,7.5
kauai,108.2
maui,133.3
ada,372.8
adams,2.9
bannock,74.5
bear lake,6.1
benewah,12.0
bingham,21.8
blaine,8.1
boise,3.7
bonner,23.6
bonneville,55.9
boundary,8.6
butte,1.3
camas,1.0
canyon,321.6
caribou,3.9
cassia,8.9
clark,0.6
clearwater,3.6
custer,0.9
elmore,8.8
franklin,19.3
fremont,7.1
gem,29.8
gooding,21.2
idaho,1.9
jefferson,23.9
jerome,37.5
kootenai,111.3
latah,34.6
lemhi,1.7
lewis,8.0
lincoln,4.3
madison,80.0
minidoka,26.5
nez perce,46.3
oneida,3.6
owyhee,1.5
payette,55.6
power,5.6
shoshone,4.9
teton,22.6
twin falls,40.2
valley,2.7
washington,7.0
adams,78.5
alexander,35.0
bond,46.7
boone,193.0
brown,22.7
bureau,40.2
calhoun,20.0
carroll,34.6
cass,36.3
champaign,201.8
christian,49.1
clark,32.6
clay,29.5
clinton,79.7
coles,106.0
cook,5495.1
crawford,44.7
cumberland,31.9
dekalb,166.6
de witt,41.7
douglas,48.0
dupage,2799.8
edgar,29.8
edwards,30.2
effingham,71.5
fayette,30.9
ford,29.0
franklin,96.8
fulton,42.8
gallatin,17.3
greene,25.6
grundy,119.8
hamilton,19.5
hancock,24.1
hardin,24.3
henderson,19.3
henry,61.3
iroquois,26.6
jackson,103.1
jasper,19.6
jefferson,68.0
jersey,62.2
jo daviess,37.7
johnson,36.6
kane,990.8
kankakee,167.7
kendall,358.2
knox,73.9
lake,1585.6
lasalle,100.4
lawrence,45.2
lee,49.7
livingston,37.3
logan,49.0
mcdonough,55.3
mchenry,511.9
mclean,143.3
macon,190.8
macoupin,55.4
madison,376.3
marion,68.9
marshall,32.7
mason,27.2
massac,65.0
menard,40.4
mercer,29.3
monroe,85.6
montgomery,42.8
morgan,62.5
moultrie,44.2
ogle,70.5
peoria,301.2
perry,50.6
piatt,38.1
pike,19.8
pope,12.1
pulaski,30.9
putnam,37.5
randolph,58.2
richland,45.1
rock island,345.0
st. clair,410.6
saline,65.6
sangamon,227.4
schuyler,17.3
scott,21.3
shelby,29.5
stark,20.8
stephenson,84.5
tazewell,208.6
union,43.1
vermilion,90.9
wabash,53.5
warren,32.6
washington,26.2
wayne,23.5
white,29.6
whiteside,85.5
will,809.6
williamson,157.9
winnebago,575.2
woodford,73.3
adams,101.4
allen,540.6
bartholomew,188.7
benton,21.8
blackford,77.3
boone,133.9
brown,48.9
carroll,54.1
cass,94.5
clark,295.6
clay,75.2
clinton,82.0
crawford,35.1
daviess,73.7
dearborn,164.1
decatur,69.1
dekalb,116.4
delaware,300.1
dubois,98.0
elkhart,426.5
fayette,112.9
floyd,504.1
fountain,43.6
franklin,60.1
fulton,56.6
gibson,68.7
grant,169.2
greene,61.1
hamilton,696.4
hancock,228.8
harrison,81.2
hendricks,357.4
henry,126.2
howard,282.4
huntington,97.0
jackson,83.2
jasper,59.8
jay,55.4
jefferson,89.9
jennings,75.7
johnson,435.8
knox,74.5
kosciusko,145.6
lagrange,97.8
lake,994.1
laporte,186.3
lawrence,102.7
madison,291.3
marion,2279.6
marshall,106.1
martin,30.8
miami,98.7
monroe,349.7
montgomery,75.6
morgan,170.5
newton,35.5
noble,115.7
ohio,71.1
orange,49.8
owen,56.0
parke,39.0
perry,50.7
pike,38.4
porter,393.0
posey,63.3
pulaski,30.9
putnam,79.0
randolph,57.9
ripley,64.6
rush,42.6
st. joseph,583.0
scott,127.0
shelby,108.1
spencer,52.8
starke,75.6
steuben,110.7
sullivan,48.0
switzerland,48.1
tippecanoe,345.7
tipton,61.2
union,46.6
vanderburgh,769.7
vermillion,63.1
vigo,267.4
wabash,79.7
warren,23.3
warrick,155.1
washington,55.0
wayne,171.5
wells,75.1
white,48.8
whitley,99.2
adair,13.5
adams,9.5
allamakee,22.4
appanoose,25.9
audubon,13.8
benton,36.4
black hawk,231.7
boone,46.0
bremer,55.7
buchanan,36.7
buena vista,35.2
butler,25.6
calhoun,17.0
carroll,36.6
cass,24.7
cedar,31.9
cerro gordo,77.7
cherokee,20.9
chickasaw,24.7
clarke,21.5
clay,29.4
clayton,23.3
clinton,70.7
crawford,23.9
dallas,112.4
davis,17.4
decatur,15.9
delaware,30.7
des moines,96.9
dickinson,43.8
dubuque,154.0
emmet,26.0
fayette,28.6
floyd,32.6
franklin,18.4
fremont,14.6
greene,16.4
grundy,24.8
guthrie,18.5
hamilton,27.2
hancock,19.9
hardin,30.8
harrison,21.4
henry,46.4
howard,20.2
humboldt,22.6
ida,16.4
iowa,27.9
jackson,31.2
jasper,50.4
jefferson,38.7
johnson,213.1
jones,35.9
keokuk,18.1
kossuth,16.0
lee,69.3
linn,294.6
louisa,28.3
lucas,20.7
lyon,19.7
madison,27.9
mahaska,39.2
marion,60.1
marshall,71.0
mills,34.4
mitchell,23.0
monona,13.3
monroe,18.4
montgomery,25.3
muscatine,97.7
o'brien,25.1
osceola,16.2
page,29.8
palo alto,16.7
plymouth,29.0
pocahontas,12.7
polk,750.5
pottawattamie,98.0
poweshiek,32.3
ringgold,9.6
sac,18.0
scott,360.7
shelby,20.6
sioux,43.9
story,156.3
tama,24.6
taylor,11.9
union,29.6
van buren,15.6
wapello,82.5
warren,81.1
washington,38.2
wayne,12.2
webster,53.1
winnebago,27.1
winneshiek,30.5
woodbury,117.1
worth,19.0
wright,22.8
allen,26.7
anderson,14.0
atchison,39.3
barber,4.3
barton,30.9
bourbon,23.9
brown,17.5
butler,46.1
chase,3.6
chautauqua,5.7
cherokee,36.8
cheyenne,2.7
clark,2.3
clay,13.2
cloud,13.3
coffey,13.7
comanche,2.4
cowley,32.3
crawford,66.4
decatur,3.3
dickinson,23.3
doniphan,20.2
douglas,243.1
edwards,4.9
elk,4.5
ellis,31.6
ellsworth,9.1
finney,28.2
ford,30.8
franklin,45.5
geary,89.3
gove,2.5
graham,2.9
grant,13.6
gray,6.9
greeley,1.6
greenwood,5.9
hamilton,2.7
harper,7.5
harvey,64.3
haskell,7.4
hodgeman,2.2
jackson,20.5
jefferson,35.9
jewell,3.4
johnson,1149.6
kearny,4.6
kingman,9.1
kiowa,3.5
labette,33.5
lane,2.4
leavenworth,164.7
lincoln,4.5
linn,16.3
logan,2.6
lyon,39.8
mcpherson,32.5
marion,13.4
marshall,11.2
meade,4.7
miami,57.0
mitchell,9.1
montgomery,55.1
morris,8.5
morton,4.4
nemaha,14.2
neosho,28.9
ness,2.9
norton,6.5
osage,23.1
osborne,4.3
ottawa,8.5
pawnee,9.2
phillips,6.4
pottawatomie,25.7
pratt,13.1
rawlins,2.4
reno,51.4
republic,6.9
rice,13.9
riley,116.6
rooks,5.8
rush,4.6
russell,7.9
saline,77.2
scott,6.9
sedgwick,499.6
seward,35.9
shawnee,327.1
sheridan,2.9
sherman,5.7
smith,4.3
stafford,5.6
stanton,3.3
stevens,7.9
sumner,20.4
thomas,7.4
trego,3.4
wabaunsee,8.9
wallace,1.6
washington,6.5
wichita,3.1
wilson,16.5
woodson,6.6
wyandotte,1039.0
adair,46.0
allen,58.0
anderson,106.1
ballard,33.4
barren,86.5
bath,41.6
bell,79.9
boone,482.3
bourbon,69.0
boyd,309.9
boyle,157.8
bracken,41.3
breathitt,28.2
breckinridge,35.4
bullitt,250.2
butler,29.8
caldwell,37.7
calloway,96.6
campbell,597.0
carlisle,26.9
carroll,84.1
carter,67.7
casey,35.9
christian,103.1
clark,141.1
clay,46.3
clinton,52.1
crittenden,25.9
cumberland,22.5
daviess,210.9
edmonson,40.2
elliott,33.5
estill,58.0
fayette,1042.8
fleming,41.2
floyd,100.3
franklin,237.2
fulton,33.2
gallatin,84.8
garrard,73.5
grant,95.6
graves,67.3
grayson,51.8
green,39.4
greenup,107.2
hancock,45.6
hardin,169.3
harlan,62.9
harrison,61.5
hart,44.2
henderson,105.9
henry,53.9
hickman,20.2
hopkins,86.6
jackson,39.1
jefferson,1948.1
jessamine,282.3
johnson,89.2
kenton,996.7
knott,46.5
knox,82.5
larue,54.3
laurel,135.6
lawrence,38.2
lee,37.8
leslie,28.2
letcher,72.6
lewis,28.7
lincoln,74.1
livingston,30.4
logan,48.6
lyon,38.9
mccracken,263.6
mccreary,42.9
mclean,37.8
madison,189.6
magoffin,43.2
marion,57.8
marshall,104.4
martin,56.3
mason,72.8
meade,93.6
menifee,31.0
mercer,85.7
metcalfe,34.9
monroe,33.3
montgomery,134.3
morgan,36.5
muhlenberg,67.4
nelson,104.0
nicholas,36.6
ohio,40.6
oldham,322.2
owen,30.9
owsley,24.1
pendleton,53.7
perry,84.5
pike,82.6
powell,70.5
pulaski,95.8
robertson,22.8
rockcastle,53.9
rowan,83.4
russell,69.2
scott,167.4
shelby,110.8
simpson,74.0
spencer,91.4
taylor,92.0
todd,33.3
trigg,32.5
trimble,58.1
union,43.8
warren,210.1
washington,39.4
wayne,45.4
webster,41.0
whitley,81.4
wolfe,33.1
woodford,132.1
acadia,94.3
allen,33.8
ascension,369.7
assumption,69.2
avoyelles,50.5
beauregard,30.8
bienville,17.7
bossier,139.3
caddo,290.2
calcasieu,181.2
caldwell,19.1
cameron,5.3
catahoula,14.7
claiborne,22.8
concordia,29.9
de soto,30.4
east baton rouge,966.6
east carroll,18.4
east feliciana,44.7
evangeline,51.3
franklin,33.2
grant,34.7
iberia,127.6
iberville,54.0
jackson,28.6
jefferson,1463.1
jefferson davis,48.5
lafayette,824.6
lafourche,90.2
la salle,23.8
lincoln,99.1
livingston,197.5
madison,19.4
morehouse,35.2
natchitoches,31.6
orleans,2029.4
ouachita,251.8
plaquemines,29.5
pointe coupee,40.9
rapides,99.9
red river,23.4
richland,37.1
sabine,28.0
st. bernard,95.1
st. charles,189.1
st. helena,27.4
st. james,91.5
st. john the baptist,215.5
st. landry,90.3
st. martin,70.7
st. mary,98.4
st. tammany,276.4
tangipahoa,153.0
tensas,8.7
terrebonne,90.8
union,25.9
vermilion,49.4
vernon,39.4
washington,70.4
webster,69.5
west baton rouge,123.6
west carroll,32.3
west feliciana,38.8
winn,16.1
androscoggin,230.2
aroostook,10.8
cumberland,337.2
franklin,18.1
hancock,34.3
kennebec,140.8
knox,108.8
lincoln,75.6
oxford,27.8
penobscot,45.3
piscataquis,4.4
sagadahoc,139.1
somerset,13.3
waldo,53.1
washington,12.8
york,199.0
allegany,177.0
anne arundel,1295.9
baltimore,1345.5
calvert,416.3
caroline,103.5
carroll,373.4
cecil,292.0
charles,320.2
dorchester,60.3
frederick,353.5
garrett,46.5
harford,560.1
howard,1144.9
kent,72.9
montgomery,1978.2
prince george's,1788.8
queen anne's,128.5
st. mary's,294.4
somerset,82.8
talbot,140.7
washington,322.1
wicomico,263.7
worcester,109.9
baltimore city,7671.5
barnstable,548.3
berkshire,141.6
bristol,991.3
dukes,160.2
essex,1508.8
franklin,102.1
hampden,751.0
hampshire,299.8
middlesex,1837.9
nantucket,226.2
norfolk,1693.6
plymouth,750.9
suffolk,12415.7
worcester,528.6
alcona,16.2
alger,10.5
allegan,135.0
alpena,51.8
antrim,49.6
arenac,43.8
baraga,9.9
barry,107.0
bay,243.7
benzie,54.8
berrien,276.2
branch,89.4
calhoun,192.8
cass,106.7
charlevoix,62.3
cheboygan,36.6
chippewa,24.7
clare,54.8
clinton,133.1
crawford,25.3
delta,31.7
dickinson,34.4
eaton,187.3
emmet,69.9
genesee,668.5
gladwin,51.2
gogebic,14.9
grand traverse,187.3
gratiot,74.7
hillsdale,78.1
houghton,36.3
huron,39.6
ingham,505.1
ionia,111.9
iosco,47.1
iron,10.1
isabella,122.8
jackson,228.4
kalamazoo,445.7
kalkaska,30.6
kent,711.5
keweenaw,4.0
lake,20.3
lapeer,137.4
leelanau,62.5
lenawee,133.3
livingston,320.2
luce,7.4
mackinac,10.9
macomb,1754.9
manistee,45.6
marquette,37.1
mason,58.0
mecosta,77.1
menominee,23.0
midland,162.0
missaukee,26.3
monroe,276.7
montcalm,89.8
montmorency,17.9
muskegon,344.9
newaygo,59.6
oakland,1385.7
oceana,51.9
ogemaw,38.5
ontonagon,5.2
osceola,41.5
oscoda,15.3
otsego,46.9
ottawa,468.2
presque isle,20.3
roscommon,47.1
saginaw,250.2
st. clair,226.1
st. joseph,122.4
sanilac,44.8
schoolcraft,7.2
shiawassee,133.1
tuscola,69.4
van buren,125.5
washtenaw,488.4
wayne,2974.4
wexford,57.9
aitkin,8.9
anoka,782.1
becker,24.7
beltrami,17.7
benton,94.2
big stone,10.6
blue earth,85.6
brown,42.4
carlton,41.1
carver,256.9
cass,14.1
chippewa,21.4
chisago,129.9
clay,56.4
clearwater,8.7
cook,3.6
cottonwood,18.3
crow wing,62.6
dakota,709.0
dodge,45.7
douglas,56.5
faribault,20.4
fillmore,24.2
freeborn,44.2
goodhue,61.0
grant,11.0
hennepin,2081.7
houston,34.5
hubbard,22.1
isanti,86.8
itasca,16.9
jackson,14.6
kanabec,31.1
kandiyohi,53.0
kittson,4.1
koochiching,4.3
lac qui parle,9.5
lake,5.2
lake of the woods,3.1
le sueur,61.7
lincoln,11.0
lyon,36.2
mcleod,74.6
mahnomen,9.7
marshall,5.3
martin,29.3
meeker,38.3
mille lacs,45.6
morrison,29.5
mower,55.1
murray,12.4
nicollet,73.0
nobles,29.9
norman,7.9
olmsted,220.8
otter tail,29.1
pennington,22.6
pine,21.1
pipestone,20.6
polk,16.0
pope,16.4
ramsey,3341.7
red lake,9.5
redwood,18.3
renville,16.0
rice,129.4
rock,20.1
roseau,9.3
st. louis,32.0
scott,364.5
sherburne,204.4
sibley,25.9
stearns,112.2
steele,85.1
stevens,17.3
swift,13.2
todd,26.3
traverse,6.2
wabasha,41.4
wadena,25.8
waseca,45.2
washington,619.7
watonwan,25.8
wilkin,8.8
winona,82.2
wright,188.5
yellow medicine,13.8
adams,69.8
alcorn,92.6
amite,18.0
attala,26.6
benton,21.5
bolivar,39.0
calhoun,25.5
carroll,16.9
chickasaw,34.7
choctaw,20.4
claiborne,19.7
clarke,24.2
clay,50.3
coahoma,47.3
copiah,37.9
covington,47.3
desoto,338.7
forrest,160.7
franklin,14.4
george,47.2
greene,20.2
grenada,51.9
hancock,92.7
harrison,326.0
hinds,282.0
holmes,25.4
humphreys,22.4
issaquena,3.4
itawamba,43.9
jackson,193.2
jasper,25.2
jefferson,14.9
jefferson davis,30.6
jones,97.5
kemper,13.6
lafayette,75.0
lamar,112.0
lauderdale,114.1
lawrence,30.0
leake,40.8
lee,184.3
leflore,54.5
lincoln,59.5
lowndes,118.3
madison,133.2
marion,49.9
marshall,52.6
monroe,48.3
montgomery,26.8
neshoba,52.1
newton,37.6
noxubee,16.6
oktibbeha,104.0
panola,50.7
pearl river,68.9
perry,18.9
pike,98.8
pontotoc,60.2
prentiss,60.9
quitman,20.3
rankin,182.6
scott,46.4
sharkey,11.4
simpson,46.7
smith,25.9
stone,39.9
sunflower,42.2
tallahatchie,23.8
tate,71.4
tippah,48.6
tishomingo,46.2
tunica,23.7
union,65.3
walthall,38.2
warren,82.9
washington,70.6
wayne,25.6
webster,24.4
wilkinson,14.6
winston,31.6
yalobusha,27.1
yazoo,30.4
adair,45.1
andrew,40.0
atchison,10.4
audrain,36.9
barry,45.7
barton,21.0
bates,20.4
benton,27.1
bollinger,20.0
boone,237.3
buchanan,218.6
butler,61.6
caldwell,22.1
callaway,53.1
camden,67.1
cape girardeau,130.8
carroll,13.4
carter,12.3
cass,142.8
cedar,29.5
chariton,10.4
christian,137.6
clark,14.1
clay,558.6
clinton,49.5
cole,193.0
cooper,31.2
crawford,33.3
dade,16.1
dallas,31.0
daviess,15.0
dekalb,30.6
dent,20.8
douglas,16.8
dunklin,59.1
franklin,110.0
gasconade,29.4
gentry,13.7
greene,407.5
grundy,23.6
harrison,12.4
henry,32.0
hickory,24.1
holt,10.6
howard,21.9
howell,43.6
iron,19.3
jackson,1115.3
jasper,183.9
jefferson,333.1
johnson,63.4
knox,8.2
laclede,46.5
lafayette,53.1
lawrence,63.2
lewis,20.2
lincoln,83.9
linn,20.7
livingston,28.5
mcdonald,42.8
macon,19.4
madison,24.7
maries,17.4
marion,65.9
mercer,8.3
miller,41.8
mississippi,34.9
moniteau,37.6
monroe,13.6
montgomery,22.8
morgan,34.4
new madrid,28.1
newton,93.0
nodaway,26.6
oregon,13.8
osage,23.0
ozark,13.1
pemiscot,37.1
perry,40.0
pettis,61.9
phelps,67.2
pike,27.6
platte,212.6
polk,49.0
pulaski,95.5
putnam,9.6
ralls,21.6
randolph,52.7
ray,41.3
reynolds,8.3
ripley,22.4
st. charles,643.2
st. clair,14.6
ste. genevieve,36.4
st. francois,144.6
st. louis,1967.2
saline,30.9
schuyler,14.4
scotland,11.1
scott,93.3
shannon,8.4
shelby,12.7
stoddard,36.4
stone,69.4
sullivan,10.4
taney,81.7
texas,22.1
vernon,25.6
warren,75.9
washington,33.2
wayne,17.8
webster,61.1
worth,8.1
wright,27.6
st. louis city,5157.5
beaverhead,1.7
big horn,2.6
blaine,1.5
broadwater,4.7
carbon,4.9
carter,0.3
cascade,30.1
chouteau,1.5
custer,3.1
daniels,1.2
dawson,3.8
deer lodge,12.6
fallon,1.8
fergus,2.7
flathead,17.9
gallatin,34.4
garfield,0.3
glacier,4.5
golden valley,0.8
granite,1.8
hill,5.6
jefferson,6.9
judith basin,1.1
lake,19.3
lewis and clark,18.3
liberty,1.6
lincoln,5.4
mccone,0.7
madison,2.1
meagher,0.8
mineral,3.5
missoula,42.1
musselshell,2.4
park,5.6
petroleum,0.3
phillips,0.8
pondera,3.8
powder river,0.5
powell,3.0
prairie,0.7
ravalli,16.8
richland,4.7
roosevelt,4.4
rosebud,1.8
sanders,4.1
sheridan,2.0
silver bow,47.6
stillwater,5.1
sweet grass,2.0
teton,2.7
toole,2.8
treasure,0.7
valley,1.5
wheatland,1.5
wibaux,1.1
yellowstone,56.2
adams,55.7
antelope,7.8
arthur,0.6
banner,0.9
blaine,0.7
boone,8.0
box butte,10.5
boyd,3.9
brown,2.6
buffalo,47.6
burt,14.0
butler,14.4
cass,45.3
cedar,12.0
chase,4.4
cherry,1.0
cheyenne,8.4
clay,11.4
colfax,25.5
cuming,16.0
custer,4.2
dakota,79.5
dawes,6.6
dawson,24.0
deuel,4.4
dixon,12.6
dodge,69.4
douglas,1574.4
dundy,2.2
fillmore,10.2
franklin,5.6
frontier,2.8
furnas,6.9
gage,26.2
garden,1.2
garfield,3.6
gosper,4.5
grant,0.8
greeley,4.5
hall,107.3
hamilton,16.8
harlan,6.2
hayes,1.4
hitchcock,4.1
holt,4.3
hooker,1.0
howard,11.0
jefferson,13.2
johnson,13.9
kearney,12.6
keith,7.9
keya paha,1.1
kimball,4.0
knox,7.9
lancaster,340.8
lincoln,14.2
logan,1.3
loup,1.1
mcpherson,0.6
madison,60.9
merrick,16.2
morrill,3.5
nance,8.5
nemaha,17.8
nuckolls,7.8
otoe,25.6
pawnee,6.4
perkins,3.4
phelps,17.0
pierce,12.7
platte,47.8
polk,12.3
red willow,15.4
richardson,15.2
rock,1.5
saline,24.7
sarpy,664.6
saunders,27.7
scotts bluff,50.0
seward,29.3
sheridan,2.2
sherman,5.6
sioux,0.6
stanton,14.3
thayer,9.1
thomas,0.9
thurston,17.6
valley,7.5
washington,51.9
wayne,21.7
webster,6.6
wheeler,1.4
york,23.9
churchill,5.0
clark,247.3
douglas,66.2
elko,2.8
esmeralda,0.2
eureka,0.5
humboldt,1.7
lander,1.1
lincoln,0.5
lyon,26.0
mineral,1.3
nye,2.4
pershing,1.1
storey,15.3
washoe,66.9
white pine,1.1
carson city city,382.1
belknap,150.1
carroll,51.4
cheshire,109.1
coos,18.4
grafton,52.2
hillsborough,457.4
merrimack,156.8
rockingham,425.0
strafford,333.7
sullivan,81.4
atlantic,494.1
bergen,3884.5
burlington,561.9
camden,2321.5
cape may,386.9
cumberland,324.4
essex,6211.5
gloucester,895.3
hudson,13731.4
hunterdon,300.0
mercer,1632.2
middlesex,2621.6
monmouth,1344.7
morris,1069.8
ocean,917.0
passaic,2715.3
salem,199.1
somerset,1071.7
sussex,287.6
union,5216.1
warren,304.5
bernalillo,570.8
catron,0.5
chaves,10.8
cibola,6.0
colfax,3.7
curry,34.4
de baca,0.9
dona ana,55.0
eddy,12.9
grant,7.4
guadalupe,1.5
harding,0.3
hidalgo,1.4
lea,14.7
lincoln,4.2
los alamos,164.4
luna,8.5
mckinley,13.1
mora,2.5
otero,9.6
quay,3.1
rio arriba,6.9
roosevelt,8.1
sandoval,35.5
san juan,23.6
san miguel,6.2
santa fe,75.5
sierra,2.9
socorro,2.7
taos,15.0
torrance,4.9
union,1.2
valencia,71.8
albany,581.9
allegany,47.6
bronx,32903.6
broome,284.2
cattaraugus,61.4
cayuga,115.7
chautauqua,127.2
chemung,218.1
chenango,56.5
clinton,79.1
columbia,99.4
cortland,98.9
delaware,33.3
dutchess,373.9
erie,881.4
essex,21.9
franklin,31.7
fulton,112.1
genesee,121.9
greene,76.1
hamilton,2.8
herkimer,45.7
jefferson,91.6
kings,35369.1
lewis,21.3
livingston,103.5
madison,112.2
monroe,1132.6
montgomery,124.6
nassau,4704.8
new york,69467.5
niagara,414.4
oneida,193.7
onondaga,600.0
ontario,167.6
orange,459.3
orleans,109.6
oswego,128.3
otsego,62.2
putnam,432.9
queens,20553.6
rensselaer,244.4
richmond,8030.3
rockland,1795.9
st. lawrence,41.8
saratoga,271.1
schenectady,756.6
schoharie,52.7
schuyler,55.9
seneca,108.9
steuben,71.2
suffolk,1637.4
sullivan,80.1
tioga,98.6
tompkins,214.0
ulster,162.3
warren,75.8
washington,76.1
wayne,155.3
westchester,2204.7
wyoming,71.1
yates,75.0
alamance,356.5
alexander,143.1
alleghany,47.5
anson,50.7
ashe,64.0
avery,72.0
beaufort,57.7
bertie,30.4
bladen,40.2
brunswick,126.8
buncombe,362.9
burke,179.3
cabarrus,492.1
caldwell,176.1
camden,41.5
carteret,131.3
caswell,55.8
catawba,387.1
chatham,93.1
cherokee,60.3
chowan,85.8
clay,49.3
cleveland,211.3
columbus,62.0
craven,146.0
cumberland,489.7
currituck,89.9
dare,88.5
davidson,294.7
davie,156.2
duplin,71.7
durham,935.7
edgecombe,111.9
forsyth,859.2
franklin,123.3
gaston,578.8
gates,35.8
graham,30.3
granville,112.7
greene,80.3
guilford,756.4
halifax,75.5
harnett,192.7
haywood,106.6
henderson,286.1
hertford,69.9
hoke,120.2
hyde,9.5
iredell,277.8
jackson,82.1
johnston,213.4
jones,21.6
lee,227.0
lenoir,148.5
lincoln,262.7
mcdowell,102.1
macon,65.8
madison,46.2
martin,53.1
mecklenburg,1755.5
mitchell,70.4
montgomery,56.5
moore,126.5
nash,177.3
new hanover,1058.1
northampton,41.2
onslow,233.1
orange,336.2
pamlico,39.1
pasquotank,179.2
pender,60.0
perquimans,54.4
person,100.6
pitt,257.9
polk,86.3
randolph,181.1
richmond,98.4
robeson,141.3
rockingham,165.6
rowan,270.7
rutherford,120.2
sampson,67.1
scotland,113.4
stanly,153.3
stokes,105.6
surry,138.4
swain,26.5
transylvania,87.4
tyrrell,11.3
union,318.7
vance,179.2
wake,1078.8
warren,48.9
washington,38.0
watauga,163.4
wayne,221.7
wilkes,91.9
wilson,220.6
yadkin,114.7
yancey,57.0
adams,2.4
barnes,7.4
benson,4.8
billings,0.7
bottineau,3.9
bowman,2.7
burke,1.8
burleigh,49.8
cass,84.9
cavalier,2.7
dickey,4.7
divide,1.6
dunn,1.8
eddy,3.8
emmons,2.4
foster,5.3
golden valley,1.7
grand forks,46.5
grant,1.4
griggs,3.4
hettinger,2.2
kidder,1.8
lamoure,3.6
logan,2.0
mchenry,2.9
mcintosh,2.9
mckenzie,2.3
mclean,4.2
mercer,8.1
morton,14.3
mountrail,4.2
nelson,3.2
oliver,2.6
pembina,6.6
pierce,4.3
ramsey,9.6
ransom,6.3
renville,2.8
richland,11.4
rolette,15.4
sargent,4.5
sheridan,1.4
sioux,3.8
slope,0.6
stark,18.1
steele,2.8
stutsman,9.5
towner,2.2
traill,9.4
walsh,8.7
ward,30.6
wells,3.3
williams,10.8
adams,48.9
allen,264.2
ashland,125.6
ashtabula,144.6
athens,128.6
auglaize,114.5
belmont,132.3
brown,91.5
butler,788.2
carroll,73.1
champaign,93.5
clark,348.0
clermont,436.5
clinton,102.9
columbiana,202.7
coshocton,65.4
crawford,109.0
cuyahoga,2800.0
darke,88.5
defiance,94.9
delaware,393.2
erie,306.4
fairfield,289.8
fayette,71.4
franklin,2186.1
fulton,105.3
gallia,66.3
geauga,233.4
greene,390.5
guernsey,76.8
hamilton,1976.7
hancock,140.7
hardin,68.1
harrison,39.4
henry,67.8
highland,78.8
hocking,69.7
holmes,100.3
huron,121.3
jackson,79.0
jefferson,170.7
knox,115.9
lake,1011.2
lawrence,137.7
licking,243.9
logan,100.0
lorain,613.6
lucas,1296.2
madison,93.2
mahoning,580.2
marion,164.7
medina,409.0
meigs,55.3
mercer,88.3
miami,252.1
monroe,32.1
montgomery,1159.5
morgan,36.2
morrow,85.8
muskingum,129.5
noble,36.8
ottawa,162.5
paulding,47.1
perry,88.4
pickaway,111.1
pike,65.2
portage,331.2
preble,99.7
putnam,71.5
richland,251.3
ross,113.3
sandusky,149.2
scioto,130.3
seneca,103.0
shelby,121.2
stark,652.9
summit,1312.6
trumbull,340.1
tuscarawas,163.1
union,121.1
van wert,70.3
vinton,32.6
warren,530.0
washington,97.8
wayne,206.4
williams,89.4
wood,203.3
wyandot,55.6
adair,39.6
alfalfa,6.5
atoka,14.5
beaver,3.1
beckham,24.5
blaine,12.9
bryan,46.9
caddo,23.2
canadian,128.9
carter,57.8
cherokee,62.7
choctaw,19.7
cimarron,1.3
cleveland,474.7
coal,11.5
comanche,116.1
cotton,9.8
craig,19.7
creek,73.6
custer,27.8
delaware,56.2
dewey,4.8
ellis,3.4
garfield,57.2
garvin,34.4
grady,47.6
grant,4.5
greer,9.8
harmon,5.4
harper,3.5
haskell,22.1
hughes,17.4
jackson,32.9
jefferson,8.5
johnston,17.0
kay,50.6
kingfisher,16.7
kiowa,9.3
latimer,15.4
le flore,31.7
lincoln,36.0
logan,56.3
love,18.3
mcclain,60.5
mccurtain,17.9
mcintosh,32.7
major,7.9
marshall,42.7
mayes,63.0
murray,32.4
muskogee,87.6
noble,15.8
nowata,18.6
okfuskee,19.7
oklahoma,1013.8
okmulgee,57.5
osage,21.1
ottawa,67.6
pawnee,29.2
payne,113.0
pittsburg,35.1
pontotoc,52.0
pottawatomie,88.2
pushmataha,8.3
roger mills,3.2
rogers,128.6
seminole,40.3
sequoyah,63.0
stephens,51.8
texas,10.1
tillman,9.2
tulsa,1058.1
wagoner,130.1
washington,122.7
washita,11.6
woods,6.9
woodward,16.2
baker,5.3
benton,126.6
clackamas,201.0
clatsop,44.7
columbia,75.1
coos,39.5
crook,7.0
curry,13.7
deschutes,52.3
douglas,21.4
gilliam,1.6
grant,1.6
harney,0.7
hood river,42.8
jackson,73.0
jefferson,12.2
josephine,50.4
klamath,11.2
lake,1.0
lane,77.2
lincoln,47.0
linn,50.9
malheur,3.2
marion,266.7
morrow,5.5
multnomah,1704.9
polk,101.8
sherman,2.1
tillamook,22.9
umatilla,23.6
union,12.6
wallowa,2.2
wasco,10.6
washington,731.4
wheeler,0.8
yamhill,138.6
adams,195.5
allegheny,1675.6
armstrong,105.5
beaver,392.3
bedford,49.2
berks,480.4
blair,241.7
bradford,54.6
bucks,1034.7
butler,233.1
cambria,208.7
cameron,12.8
carbon,171.1
centre,138.7
chester,664.7
clarion,66.6
clearfield,71.3
clinton,44.2
columbia,139.3
crawford,87.7
cumberland,431.6
dauphin,510.6
delaware,3040.5
elk,38.6
erie,351.1
fayette,172.8
forest,18.1
franklin,193.7
fulton,33.9
greene,67.2
huntingdon,52.5
indiana,107.5
jefferson,69.3
juniata,63.0
lackawanna,467.1
lancaster,550.4
lawrence,254.4
lebanon,369.1
lehigh,1012.5
luzerne,360.4
lycoming,94.5
mckean,44.4
mercer,173.4
mifflin,113.6
monroe,279.2
montgomery,1655.9
montour,140.3
northampton,805.4
northumberland,206.2
perry,83.4
philadelphia,11379.5
pike,105.3
potter,16.1
schuylkill,190.4
snyder,120.8
somerset,72.4
sullivan,14.3
susquehanna,52.7
tioga,37.0
union,142.2
venango,81.5
warren,47.3
washington,242.5
wayne,72.8
westmoreland,355.4
wyoming,71.2
york,481.1
bristol,2064.0
kent,985.9
newport,809.6
providence,1530.3
washington,385.7
abbeville,51.8
aiken,149.5
allendale,25.5
anderson,261.6
bamberg,40.6
barnwell,41.2
beaufort,281.5
berkeley,161.8
calhoun,39.8
charleston,382.3
cherokee,140.9
chester,57.1
chesterfield,58.5
clarendon,57.6
colleton,36.8
darlington,122.4
dillon,79.2
dorchester,238.2
edgefield,53.9
fairfield,34.9
florence,171.1
georgetown,73.9
greenville,574.7
greenwood,153.2
hampton,37.7
horry,237.5
jasper,37.8
kershaw,84.9
lancaster,139.6
laurens,93.2
lee,46.9
lexington,375.4
mccormick,28.5
marion,67.6
marlboro,60.3
newberry,59.5
oconee,118.6
orangeburg,83.6
pickens,240.2
richland,507.9
saluda,43.9
spartanburg,351.9
sumter,161.6
union,56.3
williamsburg,36.8
york,332.2
aurora,3.8
beadle,13.8
bennett,2.9
bon homme,12.5
brookings,40.3
brown,21.3
brule,6.4
buffalo,4.1
butte,4.5
campbell,2.0
charles mix,8.3
clark,3.9
clay,33.6
codington,39.5
corson,1.6
custer,5.3
davison,44.8
day,5.6
deuel,7.0
dewey,2.3
douglas,7.0
edmunds,3.6
fall river,4.1
faulk,2.4
grant,10.8
gregory,4.2
haakon,1.1
hamlin,11.6
hand,2.4
hanson,7.7
harding,0.5
hughes,23.0
hutchinson,9.0
hyde,1.7
jackson,1.6
jerauld,3.9
jones,1.0
kingsbury,6.2
lake,19.9
lawrence,30.1
lincoln,77.7
lyman,2.3
mccook,9.8
mcpherson,2.2
marshall,5.6
meade,7.3
mellette,1.6
miner,4.2
minnehaha,210.0
moody,12.5
,
pennington,36.4
perkins,1.0
potter,2.7
roberts,9.2
sanborn,4.1
spink,4.3
stanley,2.1
sully,1.4
todd,6.9
tripp,3.5
turner,13.5
union,31.3
walworth,7.7
yankton,43.1
ziebach,1.4
anderson,222.8
bedford,95.1
benton,41.8
bledsoe,31.7
blount,220.2
bradley,301.0
campbell,84.8
cannon,52.0
carroll,47.6
carter,168.3
cheatham,129.3
chester,60.0
claiborne,74.1
clay,33.2
cocke,82.1
coffee,123.1
crockett,54.9
cumberland,82.3
davidson,1243.3
decatur,35.2
dekalb,61.5
dickson,101.4
dyer,74.8
fayette,54.5
fentress,36.0
franklin,74.0
gibson,82.4
giles,48.3
grainger,80.7
greene,110.6
grundy,38.0
hamblen,388.0
hamilton,620.3
hancock,30.7
hardeman,40.8
hardin,45.1
hawkins,116.7
haywood,35.2
henderson,53.4
henry,57.5
hickman,40.3
houston,42.1
humphreys,34.9
jackson,37.7
jefferson,187.6
johnson,61.1
knox,850.5
lake,47.2
lauderdale,58.9
lawrence,67.8
lewis,43.1
lincoln,58.5
loudon,211.8
mcminn,121.5
mcnairy,46.3
macon,72.4
madison,176.4
marion,56.7
marshall,81.5
maury,132.0
meigs,60.2
monroe,70.0
montgomery,319.6
moore,49.2
morgan,42.1
obion,58.4
overton,50.9
perry,19.1
pickett,31.2
polk,38.7
putnam,180.3
rhea,100.9
roane,150.2
robertson,139.2
rutherford,424.0
scott,41.8
sequatchie,53.1
sevier,151.7
shelby,1215.5
smith,61.0
stewart,29.0
sullivan,379.4
sumner,303.4
tipton,133.3
trousdale,68.9
unicoi,98.4
union,85.5
van buren,20.3
warren,92.1
washington,376.7
wayne,23.2
weakley,60.3
white,68.6
williamson,314.4
wilson,199.7
anderson,55.0
andrews,9.9
angelina,108.8
aransas,91.9
archer,10.0
armstrong,2.1
atascosa,36.8
austin,44.0
bailey,8.7
bandera,25.9
bastrop,83.5
baylor,4.3
bee,36.2
bell,295.2
bexar,1383.1
blanco,14.8
borden,0.7
bosque,18.5
bowie,104.6
brazoria,230.7
brazos,332.8
brewster,1.5
briscoe,1.8
brooks,7.7
brown,40.3
burleson,26.1
burnet,43.0
caldwell,69.8
calhoun,42.2
callahan,15.1
cameron,456.0
camp,63.3
carson,6.7
cass,32.5
castro,9.0
chambers,58.8
cherokee,48.3
childress,10.1
clay,9.9
cochran,4.0
coke,3.6
coleman,7.0
collin,930.0
collingsworth,3.3
colorado,21.7
comal,193.9
comanche,14.9
concho,4.2
cooke,43.9
coryell,71.7
cottle,1.7
crane,5.6
crockett,1.3
crosby,6.7
culberson,0.6
dallam,4.5
dallas,2718.0
dawson,15.4
deaf smith,12.9
delta,20.4
denton,754.3
dewitt,22.1
dickens,2.7
dimmit,7.5
donley,4.0
duval,6.6
eastland,20.1
ector,152.8
edwards,0.9
ellis,159.9
el paso,790.6
erath,35.0
falls,23.3
fannin,38.1
fayette,25.8
fisher,4.4
floyd,6.5
foard,1.9
fort bend,679.5
franklin,37.3
freestone,22.6
frio,15.2
gaines,11.7
galveston,769.9
garza,7.2
gillespie,23.5
glasscock,1.4
goliad,8.5
gonzales,18.6
gray,24.3
grayson,129.6
gregg,445.4
grimes,33.8
guadalupe,184.9
hale,36.1
hall,3.8
hamilton,10.2
hansford,6.1
hardeman,6.0
hardin,61.3
harris,2402.4
harrison,72.9
hartley,4.1
haskell,6.5
hays,231.7
hemphill,4.2
henderson,89.9
hidalgo,493.2
hill,36.6
hockley,25.2
hood,121.7
hopkins,45.8
houston,19.3
howard,38.9
hudspeth,0.8
hunt,102.5
hutchinson,25.0
irion,1.5
jack,9.9
jackson,17.0
jasper,38.0
jeff davis,1.0
jefferson,287.9
jim hogg,4.7
jim wells,47.2
johnson,208.3
jones,21.8
karnes,19.8
kaufman,132.4
kendall,50.4
kenedy,0.3
kent,0.9
kerr,45.0
kimble,3.7
king,0.3
kinney,2.6
kleberg,36.4
knox,4.4
lamar,54.9
lamb,13.8
lampasas,27.6
la salle,4.6
lavaca,19.9
lee,26.4
leon,15.7
liberty,65.3
limestone,25.8
lipscomb,3.5
live oak,11.1
llano,20.7
loving,0.1
lubbock,311.3
lynn,6.6
mcculloch,7.8
mclennan,226.5
mcmullen,0.6
madison,29.3
marion,27.7
martin,5.2
mason,4.3
matagorda,33.4
maverick,42.4
medina,34.7
menard,2.5
midland,152.0
milam,24.3
mills,6.6
mitchell,10.3
montague,21.2
montgomery,437.5
moore,24.3
morris,51.3
motley,1.2
nacogdoches,68.2
navarro,47.3
newton,15.5
nolan,16.7
nueces,405.8
ochiltree,11.1
oldham,1.4
orange,245.3
palo pinto,29.5
panola,29.7
parker,129.4
parmer,11.7
pecos,3.3
polk,43.0
potter,133.3
presidio,2.0
rains,47.6
randall,132.4
reagan,2.9
real,4.7
red river,12.4
reeves,5.2
refugio,9.6
roberts,1.0
robertson,19.4
rockwall,616.7
runnels,10.0
rusk,57.7
sabine,22.0
san augustine,16.7
san jacinto,46.3
san patricio,93.5
san saba,5.4
schleicher,2.6
scurry,18.7
shackelford,3.7
shelby,32.0
sherman,3.3
smith,227.6
somervell,45.5
starr,49.8
stephens,10.7
sterling,1.2
stonewall,1.6
sutton,2.8
swisher,8.8
tarrant,2094.7
taylor,143.6
terrell,0.4
terry,14.2
throckmorton,1.8
titus,79.6
tom green,72.4
travis,1034.4
trinity,21.0
tyler,23.5
upshur,67.4
upton,2.7
uvalde,17.0
val verde,15.5
van zandt,62.4
victoria,98.4
walker,86.5
waller,84.1
ward,12.8
washington,55.8
webb,74.5
wharton,38.0
wheeler,5.9
wichita,209.5
wilbarger,13.9
willacy,37.5
williamson,378.0
wilson,53.4
winkler,8.5
wise,65.4
wood,65.0
yoakum,9.9
young,20.3
zapata,14.0
zavala,9.0
beaver,2.6
box elder,8.7
cache,96.7
carbon,14.5
daggett,1.5
davis,1025.8
duchesne,5.7
emery,2.5
garfield,1.0
grand,2.5
iron,14.0
juab,3.0
kane,1.8
millard,1.9
morgan,15.5
piute,2.1
rich,2.2
salt lake,1387.1
san juan,1.9
sanpete,17.5
sevier,10.9
summit,19.4
tooele,8.4
uintah,7.3
utah,257.8
wasatch,20.0
washington,56.9
wayne,1.1
weber,401.4
addison,48.0
bennington,55.0
caledonia,48.1
chittenden,291.7
essex,9.5
franklin,75.3
grand isle,85.2
lamoille,53.3
orange,42.1
orleans,39.3
rutland,66.3
washington,86.6
windham,56.7
windsor,58.5
accomack,73.8
albemarle,137.3
alleghany,36.5
amelia,35.7
amherst,68.3
appomattox,44.9
arlington,7993.6
augusta,76.3
bath,8.9
bedford,91.2
bland,19.1
botetourt,61.2
brunswick,30.8
buchanan,47.9
buckingham,29.6
campbell,108.8
caroline,54.1
carroll,63.3
charles city,39.7
charlotte,26.5
chesterfield,747.1
clarke,79.7
craig,15.7
culpeper,123.1
cumberland,33.8
dickenson,48.1
dinwiddie,55.6
essex,43.4
fairfax,2766.8
fauquier,100.7
floyd,40.2
fluvanna,89.8
franklin,81.3
frederick,189.4
giles,48.6
gloucester,169.2
goochland,77.2
grayson,35.1
greene,117.8
greensville,41.5
halifax,44.3
hanover,213.1
henrico,1313.4
henry,141.6
highland,5.6
isle of wight,111.8
james city,470.4
king and queen,22.0
king george,131.3
king william,58.2
lancaster,85.5
lee,58.8
loudoun,605.8
louisa,66.8
lunenburg,29.9
madison,41.5
mathews,104.5
mecklenburg,52.3
middlesex,84.1
montgomery,243.9
nelson,31.9
new kent,87.9
northampton,58.5
northumberland,64.5
nottoway,50.4
orange,98.2
page,77.3
patrick,38.3
pittsylvania,65.5
powhatan,107.8
prince edward,66.8
prince george,134.7
prince william,1195.0
pulaski,109.0
rappahannock,27.7
richmond,48.3
roanoke,368.7
rockbridge,37.3
rockingham,89.9
russell,61.0
scott,43.3
shenandoah,82.5
smyth,71.4
southampton,31.0
spotsylvania,304.9
stafford,479.5
surry,25.3
sussex,24.7
tazewell,86.9
warren,176.0
washington,97.8
westmoreland,76.1
wise,102.8
wythe,63.3
york,624.8
alexandria,9314.3
bristol,1370.6
buena vista,991.9
charlottesville,4246.4
chesapeake,652.0
colonial heights,2315.3
covington,1090.2
danville,1002.8
emporia,859.7
fairfax,3616.8
falls church,6169.1
franklin,1045.8
fredericksburg,2326.2
galax,854.6
hampton,2673.2
harrisonburg,2808.2
hopewell,2198.0
lexington,2820.2
lynchburg,1538.2
manassas,3827.6
manassas park,5632.6
martinsville,1261.5
newport news,2630.0
norfolk,4486.4
norton,529.1
petersburg,1413.7
poquoson,793.2
portsmouth,2838.8
radford,1662.1
richmond,3414.7
roanoke,2279.8
salem,1717.9
staunton,1188.8
suffolk,211.4
virginia beach,1758.9
waynesboro,1396.8
williamsburg,1559.3
winchester,2838.0
adams,9.7
asotin,34.0
benton,103.0
chelan,24.8
clallam,41.1
clark,676.2
columbia,4.7
cowlitz,89.8
douglas,21.1
ferry,3.4
franklin,62.9
garfield,3.2
grant,33.3
grays harbor,38.3
island,376.6
jefferson,16.6
king,912.9
kitsap,635.9
kittitas,17.8
klickitat,10.9
lewis,31.4
lincoln,4.6
mason,63.3
okanogan,7.8
pacific,22.4
pend oreille,9.3
pierce,476.3
san juan,90.7
skagit,67.5
skamania,6.7
snohomish,341.8
spokane,267.2
stevens,17.6
thurston,349.4
wahkiakum,15.1
walla walla,46.3
whatcom,95.5
whitman,20.7
yakima,56.6
barbour,48.6
berkeley,324.4
boone,49.1
braxton,28.4
brooke,269.8
cabell,342.8
calhoun,27.3
clay,27.5
doddridge,25.7
fayette,69.6
gilmer,25.7
grant,25.0
greenbrier,34.8
hampshire,37.4
hancock,371.3
hardy,24.1
harrison,166.1
jackson,62.9
jefferson,255.2
kanawha,214.1
lewis,42.5
lincoln,49.7
logan,81.0
mcdowell,41.5
marion,182.7
marshall,108.4
mason,63.4
mercer,148.6
mineral,86.1
mingo,63.4
monongalia,267.1
monroe,28.6
morgan,76.6
nicholas,40.6
ohio,420.0
pendleton,11.1
pleasants,58.5
pocahontas,9.3
preston,51.7
putnam,160.5
raleigh,130.3
randolph,28.3
ritchie,23.1
roane,30.9
summers,38.6
taylor,97.8
tucker,17.0
tyler,35.9
upshur,68.4
wayne,84.0
webster,16.5
wetzel,46.3
wirt,24.6
wood,237.4
wyoming,47.6
adams,32.3
ashland,15.5
barron,53.2
bayfield,10.2
brown,468.2
buffalo,20.2
burnett,18.8
calumet,153.9
chippewa,61.9
clark,28.7
columbia,74.2
crawford,29.2
dane,407.7
dodge,101.4
door,57.6
douglas,33.9
dunn,51.6
eau claire,154.8
florence,9.1
fond du lac,141.2
forest,9.2
grant,44.7
green,63.1
green lake,54.5
iowa,31.1
iron,7.8
jackson,20.7
jefferson,150.4
juneau,34.8
kenosha,611.9
kewaunee,60.1
la crosse,253.8
lafayette,26.6
langlade,22.9
lincoln,32.7
manitowoc,138.3
marathon,86.8
marinette,29.8
marquette,33.8
menominee,11.8
milwaukee,3926.0
monroe,49.6
oconto,37.7
oneida,32.3
outagamie,277.2
ozaukee,370.7
pepin,32.2
pierce,71.5
polk,48.4
portage,87.4
price,11.3
racine,587.7
richland,30.7
rock,223.3
rusk,16.2
st. croix,116.8
sauk,74.6
sawyer,13.2
shawano,47.0
sheboygan,225.9
taylor,21.2
trempealeau,39.3
vernon,37.6
vilas,25.0
walworth,184.2
washburn,20.0
washington,306.2
waukesha,709.4
waupaca,70.1
waushara,39.1
winnebago,384.3
wood,94.2
albany,8.5
big horn,3.7
campbell,9.6
carbon,2.0
converse,3.3
crook,2.5
fremont,4.4
goshen,6.0
hot springs,2.4
johnson,2.1
laramie,34.2
lincoln,4.4
natrona,14.1
niobrara,0.9
park,4.1
platte,4.2
sheridan,11.5
sublette,2.1
sweetwater,4.2
teton,5.3
uinta,10.1
washakie,3.8
weston,3.0
